device_id,temperature,timestamp
sensor_1,22.8,1776756598.9850514
sensor_1,26.7,1776756600.9860725
sensor_1,18.0,1776756602.9866931
sensor_1,26.2,1776756604.9876502
sensor_1,26.6,1776756606.9882946
sensor_1,23.8,1776756608.989215
sensor_1,18.6,1776756610.9898467
sensor_1,30.6,1776756612.9905286
sensor_1,23.0,1776756614.9913085
sensor_1,21.0,1776756616.9921477
sensor_1,20.9,1776756618.9929278
sensor_1,21.4,1776756620.9935524
sensor_1,18.4,1776756622.994477
sensor_1,26.0,1776756624.9950838
sensor_1,21.5,1776756626.995937
sensor_1,22.8,1776756628.9965913
sensor_1,24.0,1776756630.997201
sensor_1,21.0,1776756632.998056
sensor_1,19.0,1776756634.9986165
sensor_1,29.4,1776756636.9993453
sensor_1,18.3,1776756781.419266
sensor_1,21.5,1776756783.419915
sensor_1,22.1,1776756785.4209003
sensor_1,19.4,1776756787.422088
sensor_1,27.3,1776756789.4231842
sensor_1,21.3,1776756791.4238698
sensor_1,21.4,1776756793.4248602
sensor_1,18.3,1776756795.4253964
sensor_1,26.2,1776756797.4259708
sensor_1,23.1,1776756799.4266226
sensor_1,19.7,1776756801.4273694
sensor_1,23.5,1776756803.4280593
sensor_1,18.8,1776756805.4289675
sensor_1,18.0,1776756807.4295719
sensor_1,21.8,1776756809.4304872
sensor_1,18.3,1776756811.431239
sensor_1,18.7,1776756813.4320116
sensor_1,22.4,1776756815.4329236
sensor_1,21.3,1776756817.433674
sensor_1,19.9,1776756819.434307
sensor_1,9.97,1776756871.5187666
sensor_1,21.84,1776756873.5214956
sensor_1,32.55,1776756875.5226262
sensor_1,25.53,1776756877.524033
sensor_1,15.96,1776756879.525364
sensor_1,25.55,1776756881.5265567
sensor_1,13.37,1776756883.5277581
sensor_1,29.3,1776756885.5289106
sensor_1,6.2,1776756887.530419
sensor_1,9.91,1776756889.5316765
sensor_1,9.8,1776756891.5326858
sensor_1,16.46,1776756893.5340452
sensor_1,18.68,1776756895.5353296
sensor_1,3.39,1776756897.5365427
sensor_1,15.8,1776756899.537992
sensor_1,14.61,1776756901.5391781
sensor_1,2.74,1776756903.5399842
sensor_1,22.7,1776756905.0957866
sensor_1,9.96,1776756905.5414221
sensor_1,20.3,1776756907.096224
sensor_1,12.4,1776756907.542257
sensor_1,23.2,1776756909.0970325
sensor_1,11.57,1776756909.54364
sensor_1,19.8,1776756911.0977714
sensor_1,26.2,1776756913.0986178
sensor_1,20.2,1776756915.0991988
sensor_1,30.4,1776756917.100021
sensor_1,25.9,1776756919.1007407
sensor_1,27.0,1776756921.1013308
sensor_1,22.7,1776756923.1020617
sensor_1,23.7,1776756925.102731
sensor_1,18.5,1776756927.1033728
sensor_1,19.5,1776756929.1039672
sensor_1,22.3,1776756931.1048093
sensor_1,18.8,1776756933.1056788
sensor_1,21.4,1776756935.1064646
sensor_1,21.9,1776756937.1069472
sensor_1,19.4,1776756939.1076663
sensor_1,22.9,1776756941.1084707
sensor_1,19.5,1776756943.1092212
sensor_1,8.16,1776756943.9994593
sensor_1,38.65,1776756946.0006702
sensor_1,18.85,1776756948.0020564
sensor_1,18.1,1776756949.852895
sensor_1,21.2,1776756950.0033152
sensor_1,26.5,1776756951.8534708
sensor_1,27.83,1776756952.0048988
sensor_1,21.3,1776756953.8538733
sensor_1,34.81,1776756954.021511
sensor_1,20.0,1776756955.8542264
sensor_1,13.65,1776756956.0248554
sensor_1,26.2,1776756957.8550704
sensor_1,27.05,1776756958.02608
sensor_1,20.4,1776756959.8558106
sensor_1,28.77,1776756960.0273085
sensor_1,27.3,1776756961.8568065
sensor_1,18.44,1776756962.0283864
sensor_1,19.0,1776756963.857554
sensor_1,7.45,1776756964.0293734
sensor_1,23.3,1776756965.8583438
sensor_1,11.41,1776756966.0305502
sensor_1,19.8,1776756967.8589013
sensor_1,3.68,1776756968.031579
sensor_1,20.9,1776756969.8594847
sensor_1,5.93,1776756970.032646
sensor_1,22.1,1776756971.8604343
sensor_1,35.83,1776756972.0342095
sensor_1,20.8,1776756973.8609366
sensor_1,14.73,1776756974.0356567
sensor_1,26.8,1776756975.8616138
sensor_1,22.73,1776756976.0369952
sensor_1,22.6,1776756977.8624232
sensor_1,3.23,1776756978.0380719
sensor_1,26.0,1776756979.8632336
sensor_1,23.82,1776756980.039323
sensor_1,33.7,1776756981.8636205
sensor_1,5.2,1776756982.0401442
sensor_1,20.0,1776756983.864691
sensor_1,23.7,1776756985.8653765
sensor_1,25.5,1776756987.8663929
sensor_1,27.3,1776756989.8670435
sensor_1,27.8,1776756991.8686433
sensor_1,26.8,1776756993.8692245
sensor_1,22.0,1776756995.870229
sensor_1,19.4,1776756997.870828
sensor_1,25.3,1776756999.8717935
sensor_1,19.4,1776757001.8726127
sensor_1,22.6,1776757003.8733566
sensor_1,27.9,1776757005.8742456
sensor_1,22.8,1776757007.8749619
sensor_1,18.9,1776757009.8757207
sensor_1,25.4,1776757011.8763282
sensor_1,19.3,1776757013.8771236
sensor_1,19.9,1776757015.8786142
sensor_1,18.2,1776757017.8802898
sensor_1,20.5,1776757019.8812904
sensor_1,25.4,1776757021.8822327
sensor_1,23.9,1776757023.8832068
sensor_1,18.0,1776757025.883678
sensor_1,18.8,1776757027.884238
sensor_1,21.8,1776757029.884736
sensor_1,19.6,1776757031.885569
sensor_1,27.2,1776757033.8864717
sensor_1,23.9,1776757035.887105
sensor_1,27.5,1776757037.8876526
sensor_1,18.6,1776757039.8885627
sensor_1,23.0,1776757041.8894293
sensor_1,20.0,1776757043.8902242
sensor_1,27.4,1776757045.89082
sensor_1,20.6,1776757047.8913896
sensor_1,20.3,1776757049.8922849
sensor_1,20.3,1776757051.893299
sensor_1,20.0,1776757053.8940067
sensor_1,25.7,1776757055.895062
sensor_1,19.4,1776757057.895728
sensor_1,32.99,1776757058.5585966
sensor_1,26.0,1776757059.8961453
sensor_1,33.33,1776757060.560399
sensor_1,26.0,1776757061.8969567
sensor_1,39.01,1776757062.5615737
sensor_1,18.3,1776757063.89774
sensor_1,38.22,1776757064.5627751
sensor_1,20.2,1776757065.8987947
sensor_1,30.19,1776757066.5638452
sensor_1,18.7,1776757067.9000359
sensor_1,1.77,1776757068.5652504
sensor_1,23.4,1776757069.9006433
sensor_1,36.59,1776757070.5663528
sensor_1,25.2,1776757071.9012115
sensor_1,22.83,1776757072.567748
sensor_1,23.5,1776757073.901816
sensor_1,29.97,1776757074.5693865
sensor_1,26.8,1776757075.9027636
sensor_1,31.1,1776757076.570524
sensor_1,20.7,1776757077.9038298
sensor_1,38.38,1776757078.5714648
sensor_1,18.2,1776757079.9047208
sensor_1,21.51,1776757080.5723088
sensor_1,18.6,1776757081.905649
sensor_1,31.39,1776757082.5738587
sensor_1,19.6,1776757083.9060597
sensor_1,6.92,1776757084.579855
sensor_1,19.8,1776757085.9066336
sensor_1,12.7,1776757086.5834842
sensor_1,19.8,1776757087.9077682
sensor_1,32.82,1776757088.5845065
sensor_1,18.4,1776757089.9084277
sensor_1,27.26,1776757090.585586
sensor_1,26.3,1776757091.909101
sensor_1,17.06,1776757092.5862389
sensor_1,21.3,1776757093.910197
sensor_1,36.2,1776757094.5869539
sensor_1,22.7,1776757095.9110425
sensor_1,37.23,1776757096.5882523
sensor_1,23.8,1776757097.9116068
sensor_1,21.4,1776757099.9123328
sensor_1,26.9,1776757101.912731
sensor_1,23.2,1776757103.9134254
sensor_1,21.8,1776757105.9143138
sensor_1,18.5,1776757107.9149294
sensor_1,23.8,1776757109.9155757
sensor_1,20.5,1776757111.9160502
sensor_1,18.5,1776757113.916752
sensor_1,20.7,1776757115.9176033
sensor_1,23.9,1776757117.9180362
sensor_1,20.8,1776757119.9189813
sensor_1,20.8,1776757121.9195101
sensor_1,20.8,1776757123.920444
sensor_1,31.2,1776757125.9213421
sensor_1,18.1,1776757127.9219656
sensor_1,20.5,1776757129.9224222
sensor_1,20.4,1776757131.9230409
sensor_1,27.4,1776757133.923973
sensor_1,23.2,1776757135.9248846
sensor_1,19.9,1776757137.925582
sensor_1,19.5,1776757139.9263792
sensor_1,20.6,1776757141.9268405
sensor_1,26.8,1776757143.9275029
sensor_1,20.9,1776757145.9281716
sensor_1,25.2,1776757147.9287896
sensor_1,19.8,1776757174.2614942
sensor_1,19.1,1776757176.2628772
sensor_1,23.7,1776757178.2638495
sensor_1,25.6,1776757180.264736
sensor_1,23.3,1776757182.2659075
sensor_1,29.8,1776757184.268236
sensor_1,29.5,1776757186.2693322
sensor_1,18.2,1776757188.270239
sensor_1,26.8,1776757190.2708457
sensor_1,18.3,1776757192.2722232
sensor_1,23.1,1776757194.2730823
sensor_1,22.4,1776757196.2745566
sensor_1,18.1,1776757198.2756672
sensor_1,27.6,1776757200.2774355
sensor_1,19.7,1776757202.2787242
sensor_1,20.6,1776757204.2812438
sensor_1,23.0,1776757206.28266
sensor_1,21.9,1776757208.28382
sensor_1,22.1,1776757210.2846866
sensor_1,23.1,1776757212.2860217
sensor_1,18.5,1776757237.9849398
sensor_1,19.1,1776757239.985259
sensor_1,19.7,1776757241.986156
sensor_1,22.9,1776757243.986649
sensor_1,18.3,1776757245.4053185
sensor_1,21.6,1776757245.9877176
sensor_1,25.8,1776757247.406522
sensor_1,25.3,1776757247.988707
sensor_1,22.6,1776757249.4079676
sensor_1,23.2,1776757249.9896653
sensor_1,18.2,1776757251.4096653
sensor_1,25.8,1776757251.9904232
sensor_1,23.9,1776757253.410762
sensor_1,20.7,1776757253.9911551
sensor_1,23.0,1776757255.4115763
sensor_1,18.6,1776757255.991917
sensor_1,25.2,1776757257.41244
sensor_1,24.0,1776757257.9926538
sensor_1,19.8,1776757259.4136922
sensor_1,21.1,1776757259.9934843
sensor_1,26.9,1776757261.4149578
sensor_1,20.0,1776757261.9939344
sensor_1,18.4,1776757263.4171271
sensor_1,18.1,1776757263.99461
sensor_1,21.7,1776757265.418113
sensor_1,21.5,1776757265.9954119
sensor_1,23.6,1776757267.4199395
sensor_1,25.4,1776757267.9957793
sensor_1,22.0,1776757269.4215295
sensor_1,20.5,1776757269.9964201
sensor_1,19.7,1776757271.422858
sensor_1,18.2,1776757271.9970484
sensor_1,20.6,1776757273.4240453
sensor_1,22.6,1776757273.9979753
sensor_1,19.3,1776757275.4251454
sensor_1,22.8,1776757275.9987352
sensor_1,20.7,1776757277.4264994
sensor_1,18.1,1776757277.999232
sensor_1,20.7,1776757279.4271886
sensor_1,22.3,1776757279.999692
sensor_1,25.9,1776757281.428445
sensor_1,23.2,1776757282.0007942
sensor_1,19.5,1776757283.4299223
sensor_1,19.5,1776757284.0016875
sensor_1,27.1,1776757286.0027876
sensor_1,21.7,1776757288.0033724
sensor_1,18.2,1776757290.0041022
sensor_1,18.4,1776757292.004867
sensor_1,18.4,1776757294.0055778
sensor_1,24.0,1776757296.006319
sensor_1,25.9,1776757298.0067334
sensor_1,27.1,1776757300.007637
sensor_1,21.8,1776757302.0083098
sensor_1,26.9,1776757304.0086992
sensor_1,22.6,1776757306.0091877
sensor_1,21.4,1776757308.0099883
sensor_1,20.4,1776757310.0105844
sensor_1,23.9,1776757312.0115318
sensor_1,27.5,1776757314.0122442
sensor_1,19.9,1776757316.0129714
sensor_1,23.8,1776757318.013778
sensor_1,18.2,1776757320.014347
sensor_1,25.4,1776757322.0147738
sensor_1,26.9,1776757324.0153816
sensor_1,26.2,1776757326.0160158
sensor_1,29.9,1776757328.0166035
sensor_1,19.5,1776757330.0170586
sensor_1,20.1,1776757332.0176406
sensor_1,21.5,1776757334.018226
sensor_1,31.1,1776757336.0188968
sensor_1,26.7,1776757338.0194583
sensor_1,18.8,1776757340.0200448
sensor_1,20.3,1776757342.0209684
sensor_1,20.6,1776757344.0215027
sensor_1,22.5,1776757346.0222006
sensor_1,21.7,1776757348.0227368
sensor_1,27.0,1776757350.0234003
sensor_1,23.9,1776757352.023948
sensor_1,25.1,1776757354.024418
sensor_1,22.2,1776757356.025303
sensor_1,19.7,1776757358.0262754
sensor_1,18.6,1776757360.0270815
sensor_1,18.2,1776757362.0278656
sensor_1,21.5,1776757364.0283995
sensor_1,22.3,1776757366.0292
sensor_1,27.6,1776757368.030139
sensor_1,20.7,1776757370.030779
sensor_1,25.7,1776757372.0312881
sensor_1,20.7,1776757374.0319717
sensor_1,29.5,1776757376.0325224
sensor_1,18.2,1776757378.0332496
sensor_1,20.4,1776757380.0336628
sensor_1,18.6,1776757382.0341022
sensor_1,19.6,1776757384.034872
sensor_1,21.9,1776757386.0358472
sensor_1,23.1,1776757388.0367384
sensor_1,22.3,1776757390.0373464
sensor_1,18.2,1776757392.0387788
sensor_1,23.7,1776757394.0393026
sensor_1,28.0,1776757396.0398202
sensor_1,23.9,1776757398.0406873
sensor_1,19.6,1776757400.0416083
sensor_1,26.3,1776757402.042311
sensor_1,26.1,1776757404.0431285
sensor_1,19.0,1776757406.0436292
sensor_1,23.8,1776757408.0442443
sensor_1,18.7,1776757410.0449455
sensor_1,20.9,1776757412.0457187
sensor_1,21.2,1776757414.046138
sensor_1,27.5,1776757416.046648
sensor_1,19.4,1776757418.0472908
sensor_1,27.4,1776757420.048047
sensor_1,19.6,1776757422.0487733
sensor_1,27.4,1776757424.0491776
sensor_1,22.6,1776757426.05014
sensor_1,22.5,1776757428.0505948
sensor_1,20.5,1776757430.0513942
sensor_1,20.9,1776757432.0521758
sensor_1,22.1,1776757434.0527227
sensor_1,25.3,1776757436.0532134
sensor_1,23.1,1776757717.6719437
sensor_1,20.8,1776757719.6724834
sensor_1,20.4,1776757721.6729755
sensor_1,21.1,1776757723.6736813
sensor_1,20.1,1776757725.6745112
sensor_1,23.4,1776757727.6750655
sensor_1,18.0,1776757729.6758196
sensor_1,25.3,1776757731.6764271
sensor_1,26.2,1776757733.677266
sensor_1,18.8,1776757735.6780932
sensor_1,26.8,1776757737.6790879
sensor_1,20.1,1776757739.6797545
sensor_1,21.6,1776757741.6804452
sensor_1,20.5,1776757743.681621
sensor_1,20.4,1776757745.682318
sensor_1,18.0,1776757747.682774
sensor_1,26.3,1776757749.68353
sensor_1,18.6,1776757751.6842544
sensor_1,20.2,1776757753.6849868
sensor_1,25.0,1776757755.6854842
sensor_1,25.9,1776757757.6862574
sensor_1,19.8,1776757759.6869397
sensor_1,20.9,1776757761.687754
sensor_1,18.6,1776757763.6884298
sensor_1,18.6,1776757765.689111
sensor_1,27.3,1776757767.69
sensor_1,19.2,1776757769.6905951
sensor_1,18.3,1776757771.6911168
sensor_1,27.7,1776757773.691533
sensor_1,22.7,1776757775.6919255
sensor_1,23.7,1776757777.6924577
sensor_1,19.6,1776757779.6928654
sensor_1,33.0,1776757781.6934066
sensor_1,32.9,1776757783.6938796
sensor_1,22.1,1776757785.6948063
sensor_1,32.0,1776757787.6956377
sensor_1,22.2,1776757789.6966498
sensor_1,24.0,1776757791.6974483
sensor_1,25.4,1776757793.6980858
sensor_1,31.3,1776757795.698667
sensor_1,19.3,1776757797.6993918
sensor_1,26.2,1776757799.7000592
sensor_1,18.7,1776757801.7007382
sensor_1,18.6,1776757803.7015483
sensor_1,20.5,1776757805.7023773
sensor_1,18.3,1776757807.7033
sensor_1,25.5,1776757809.7038844
sensor_1,28.0,1776757811.7044275
sensor_1,19.4,1776757813.7051883
sensor_1,23.5,1776757815.7055807
sensor_1,32.6,1776757817.7065701
sensor_1,20.1,1776757819.7070737
sensor_1,20.7,1776757821.7075684
sensor_1,20.5,1776757823.7083395
sensor_1,20.1,1776757825.7087724
sensor_1,23.2,1776757827.7093685
sensor_1,22.8,1776757829.7101579
sensor_1,25.1,1776757831.7110581
sensor_1,21.9,1776757833.711827
sensor_1,22.8,1776757835.712584
sensor_1,22.4,1776757837.7131326
sensor_1,22.8,1776757839.7135892
sensor_1,19.4,1776757841.714144
sensor_1,21.5,1776757843.7146778
sensor_1,23.6,1776757845.7151136
sensor_1,20.5,1776757847.7155826
sensor_1,18.9,1776757849.7160454
sensor_1,20.8,1776757851.7169173
sensor_1,19.7,1776757853.7174
sensor_1,20.6,1776757855.7181494
sensor_1,30.2,1776757857.7189264
sensor_1,22.5,1776757859.7194495
sensor_1,19.4,1776757861.7204373
sensor_1,19.0,1776757863.7211792
sensor_1,27.3,1776757865.7215905
sensor_1,22.2,1776757867.7219908
sensor_1,33.6,1776757869.7227426
sensor_1,21.5,1776757871.7237103
sensor_1,23.8,1776757873.7243133
sensor_1,20.6,1776757875.724885
sensor_1,23.4,1776757877.7254615
sensor_1,25.3,1776757879.725988
sensor_1,23.4,1776757881.726452
sensor_1,20.1,1776757883.7280138
sensor_1,19.7,1776757885.728867
sensor_1,23.2,1776757887.7296379
sensor_1,19.5,1776757889.7301128
sensor_1,25.2,1776757891.730826
sensor_1,20.7,1776757893.731249
sensor_1,18.1,1776757895.731753
sensor_1,21.9,1776757897.7324083
sensor_1,23.7,1776757899.7331982
sensor_1,21.7,1776757901.7337801
sensor_1,26.4,1776757903.7343595
sensor_1,21.2,1776757905.735221
sensor_1,33.9,1776757907.7356553
sensor_1,20.2,1776757909.736096
sensor_1,20.6,1776757911.7365134
sensor_1,22.4,1776757913.7369733
sensor_1,19.5,1776757915.737748
sensor_1,30.6,1776757933.0227795
sensor_1,26.9,1776757935.0234983
sensor_1,23.7,1776757937.0240438
sensor_1,19.7,1776757939.0247493
sensor_1,21.0,1776757941.0251544
sensor_1,23.5,1776757943.0258186
sensor_1,19.7,1776757945.0264032
sensor_1,22.1,1776757947.0271194
sensor_1,26.6,1776757949.0275786
sensor_1,22.4,1776757951.0284593
sensor_1,23.7,1776757953.029415
sensor_1,19.0,1776757955.0299702
sensor_1,19.2,1776757957.0306935
sensor_1,27.3,1776757959.031236
sensor_1,20.4,1776757961.031788
sensor_1,26.3,1776757963.0326705
sensor_1,26.3,1776757965.0333889
sensor_1,23.7,1776757967.033774
sensor_1,20.2,1776757969.0342348
sensor_1,26.6,1776757971.0348773
sensor_1,18.4,1776757973.0354915
sensor_1,21.9,1776757975.0359118
sensor_1,25.3,1776757977.0366797
sensor_1,19.8,1776757979.0371983
sensor_1,25.7,1776757981.0380683
sensor_1,22.4,1776757983.0384145
sensor_1,19.8,1776757985.039076
sensor_1,26.5,1776757987.0396445
sensor_1,18.8,1776757989.0402572
sensor_1,19.2,1776757991.041338
sensor_1,21.3,1776757993.0422516
sensor_1,23.3,1776757995.0429068
sensor_1,19.6,1776757997.0433877
sensor_1,26.7,1776757999.0444539
sensor_1,25.9,1776758001.0451932
sensor_1,29.7,1776758003.045915
sensor_1,19.8,1776758005.0465946
sensor_1,18.6,1776758007.0474112
sensor_1,22.0,1776758009.048211
sensor_1,20.0,1776758011.048973
sensor_1,21.0,1776758013.0494397
sensor_1,23.2,1776758015.049979
sensor_1,23.9,1776758017.0507329
sensor_1,22.3,1776758019.0512962
sensor_1,22.7,1776758021.0517719
sensor_1,22.8,1776758023.0523624
sensor_1,19.9,1776758025.0530083
sensor_1,22.7,1776758027.053625
sensor_1,19.6,1776758029.0542095
sensor_1,19.9,1776758031.0549407
sensor_1,18.7,1776758033.0556152
sensor_1,19.7,1776758035.055999
sensor_1,26.8,1776758037.0563562
sensor_1,23.2,1776758039.05687
sensor_1,31.5,1776758041.0578332
sensor_1,20.1,1776758043.0587788
sensor_1,19.8,1776758045.0591733
sensor_1,22.6,1776758047.0601356
sensor_1,18.7,1776758049.0609756
sensor_1,19.5,1776758051.0616202
sensor_1,20.4,1776758053.062437
sensor_1,22.0,1776758055.0629058
sensor_1,25.8,1776758057.0635178
sensor_1,22.1,1776758059.0640883
sensor_1,18.6,1776758061.0648236
sensor_1,32.6,1776758063.0655742
sensor_1,23.1,1776758065.0661795
sensor_1,23.8,1776758067.0667534
sensor_1,19.8,1776758069.067231
sensor_1,22.3,1776758071.067727
sensor_1,22.0,1776758073.0683584
sensor_1,24.0,1776758075.068881
sensor_1,18.5,1776758077.0697548
sensor_1,23.5,1776758079.0702786
sensor_1,23.8,1776758081.0709062
sensor_1,20.2,1776758083.071803
sensor_1,25.3,1776758085.0722797
sensor_1,21.7,1776758087.0727038
sensor_1,21.1,1776758089.0734215
sensor_1,22.3,1776758091.07397
sensor_1,21.1,1776758093.0744104
sensor_1,19.1,1776758095.075303
sensor_1,22.9,1776758097.0762303
sensor_1,33.2,1776758099.0767162
sensor_1,22.8,1776758101.0772965
sensor_1,21.2,1776758103.0782185
sensor_1,22.6,1776758105.0785797
sensor_1,33.8,1776758107.079321
sensor_1,23.3,1776758109.0799348
sensor_1,21.6,1776758111.0803635
sensor_1,21.1,1776758113.0811536
sensor_1,21.8,1776758115.081539
sensor_1,19.9,1776758117.0824463
sensor_1,19.0,1776758119.0831728
sensor_1,20.9,1776758121.0837724
sensor_1,26.5,1776758123.0845373
sensor_1,20.5,1776758125.0851562
sensor_1,29.9,1776758127.085683
sensor_1,18.1,1776758129.0863056
sensor_1,27.8,1776758131.0870955
sensor_1,20.8,1776758133.0876656
sensor_1,23.6,1776758135.088302
sensor_1,21.9,1776758137.089081
sensor_1,21.6,1776758139.089875
sensor_1,25.4,1776758141.0906363
sensor_1,25.9,1776758143.0910919
sensor_1,26.9,1776758145.0923173
sensor_1,20.1,1776758147.093175
sensor_1,18.1,1776758149.0935812
sensor_1,22.2,1776758151.0941632
sensor_1,18.8,1776758153.0949914
sensor_1,26.0,1776758155.095532
sensor_1,20.0,1776758157.096159
sensor_1,21.4,1776758159.0966418
sensor_1,18.0,1776758161.0974536
sensor_1,20.2,1776758163.0982442
sensor_1,23.0,1776758165.0990226
sensor_1,26.3,1776758167.0995018
sensor_1,27.6,1776758169.1000948
sensor_1,27.0,1776758171.1009092
sensor_1,21.1,1776758173.1014342
sensor_1,23.9,1776758175.1020758
sensor_1,20.3,1776758177.1027055
sensor_1,18.7,1776758179.1034067
sensor_1,20.3,1776758181.1041908
sensor_1,26.9,1776758183.1049426
sensor_1,18.5,1776758185.1054764
sensor_1,22.3,1776758187.1059618
sensor_1,23.5,1776758189.1063693
sensor_1,21.9,1776758191.1072335
sensor_1,19.2,1776758193.1080306
sensor_1,18.5,1776758195.1085622
sensor_1,18.9,1776758197.1091518
sensor_1,27.7,1776758199.1096818
sensor_1,18.4,1776758201.1104796
sensor_1,26.6,1776758203.1112635
sensor_1,27.3,1776758205.1117623
sensor_1,20.7,1776758207.1123154
sensor_1,21.3,1776758209.1126242
sensor_1,20.2,1776758211.1135035
sensor_1,20.3,1776758213.1141114
sensor_1,22.3,1776758215.1145723
sensor_1,23.0,1776758217.1153476
sensor_1,27.6,1776758219.1156821
sensor_1,18.9,1776758221.1163533
sensor_1,22.4,1776758223.1170704
sensor_1,23.4,1776758225.1176233
sensor_1,20.0,1776758227.1181262
sensor_1,21.2,1776758229.118937
sensor_1,21.5,1776758231.1197336
sensor_1,22.2,1776758233.1201682
sensor_1,18.2,1776758235.1208582
sensor_1,22.6,1776758237.1213527
sensor_1,21.7,1776758239.1221097
sensor_1,19.5,1776758241.122698
sensor_1,19.1,1776758243.1232507
sensor_1,18.2,1776758245.1243849
sensor_1,22.4,1776758247.1248462
sensor_1,25.0,1776758249.1255734
sensor_1,26.9,1776758251.1264708
sensor_1,22.3,1776758253.1269238
sensor_1,19.1,1776758255.127327
sensor_1,25.1,1776758257.1282105
sensor_1,23.7,1776758259.128858
sensor_1,20.6,1776758261.1296468
sensor_1,25.9,1776758263.1303084
sensor_1,21.9,1776758265.130831
sensor_1,22.3,1776758267.13168
sensor_1,19.8,1776758269.1323524
sensor_1,19.1,1776758271.1331162
sensor_1,21.2,1776758273.13384
sensor_1,26.1,1776758275.134795
sensor_1,25.3,1776758277.1354039
sensor_1,22.2,1776758279.1361482
sensor_1,32.8,1776758281.1367567
sensor_1,20.6,1776758283.1372347
sensor_1,18.6,1776758285.1380234
sensor_1,19.4,1776758287.138728
sensor_1,21.9,1776758289.1391222
sensor_1,26.6,1776758291.1395214
sensor_1,23.4,1776758293.1402066
sensor_1,20.6,1776758295.1406262
sensor_1,22.0,1776758297.1413188
sensor_1,27.2,1776758299.142061
sensor_1,25.2,1776758301.1425657
sensor_1,22.2,1776758303.14328
sensor_1,19.6,1776758305.143918
sensor_1,20.8,1776758307.1443355
sensor_1,25.4,1776758309.1447728
sensor_1,20.9,1776758311.1454885
sensor_1,22.5,1776758313.14598
sensor_1,27.4,1776758315.146367
sensor_1,20.2,1776758317.1467957
sensor_1,18.6,1776758319.1473
sensor_1,21.8,1776758321.1480505
sensor_1,20.6,1776758323.1486208
sensor_1,20.9,1776758325.149142
sensor_1,23.1,1776758327.1498086
sensor_1,19.4,1776758329.150677
sensor_1,22.6,1776758331.1514292
sensor_1,20.1,1776758515.9685698
sensor_1,21.3,1776758517.9690964
sensor_1,21.6,1776758519.9696264
sensor_1,18.6,1776758521.9703803
sensor_1,23.0,1776758523.9707139
sensor_1,23.7,1776758525.971524
sensor_1,19.6,1776758527.972378
sensor_1,21.4,1776758529.973225
sensor_1,18.1,1776758531.9736552
sensor_1,23.4,1776758533.9740465
sensor_1,22.0,1776758535.9745717
sensor_1,20.8,1776758537.9750302
sensor_1,18.2,1776758539.975616
sensor_1,27.7,1776758541.9764144
sensor_1,22.0,1776758543.9769285
sensor_1,18.3,1776758545.9773843
sensor_1,25.4,1776758562.8426833
sensor_1,26.7,1776758564.8433304
sensor_1,22.8,1776758566.8443246
sensor_1,22.9,1776758568.845171
sensor_1,18.4,1776758570.8457463
sensor_1,23.8,1776758572.8463693
sensor_1,18.6,1776758574.847088
sensor_1,27.8,1776758576.8478165
sensor_1,19.7,1776758578.8482435
sensor_1,25.4,1776758580.848929
sensor_1,30.6,1776758582.8497381
sensor_1,25.4,1776758584.850387
sensor_1,25.3,1776758586.8509135
sensor_1,31.1,1776758588.8515651
sensor_1,18.5,1776758590.8520737
sensor_1,21.6,1776758592.8527765
sensor_1,22.3,1776758594.853658
sensor_1,30.4,1776758596.854084
sensor_1,30.0,1776758598.8546455
sensor_1,31.3,1776758600.8551497
sensor_1,18.4,1776758602.8555405
sensor_1,34.1,1776758604.8560889
sensor_1,26.9,1776758606.8567
sensor_1,22.6,1776758608.8571591
sensor_1,22.4,1776758610.857813
sensor_1,19.8,1776758638.6260352
sensor_1,19.8,1776758640.626741
sensor_1,20.0,1776758642.6274285
sensor_1,20.2,1776758644.6280203
sensor_1,21.1,1776758646.6287093
sensor_1,22.2,1776758648.629392
sensor_1,21.0,1776758650.6301377
sensor_1,23.9,1776758652.631194
sensor_1,26.0,1776758654.6316571
sensor_1,18.5,1776758656.632532
sensor_1,18.2,1776758658.6333132
sensor_1,19.1,1776758660.6338804
sensor_1,18.3,1776758662.6344717
sensor_1,18.4,1776758664.6350994
sensor_1,18.9,1776758666.6358423
sensor_1,25.0,1776758668.63662
sensor_1,20.0,1776758670.6372356
sensor_1,20.2,1776758672.6377995
sensor_1,20.3,1776758674.6385434
sensor_1,22.2,1776758676.639018
sensor_1,19.1,1776758678.639594
sensor_1,25.5,1776758680.6400225
sensor_1,26.2,1776758682.6408281
sensor_1,27.3,1776758684.6417215
sensor_1,21.6,1776758686.6425045
sensor_1,18.8,1776758688.6430697
sensor_1,22.5,1776758690.6435037
sensor_1,19.9,1776758692.643891
sensor_1,33.7,1776758694.6444306
sensor_1,19.4,1776758696.645109
sensor_1,22.7,1776758698.6458647
sensor_1,20.2,1776758700.6463363
sensor_1,27.4,1776758702.6468875
sensor_1,22.4,1776758704.6473646
sensor_1,22.0,1776758706.64785
sensor_1,21.8,1776758708.6486285
sensor_1,19.1,1776758710.6496506
sensor_1,21.6,1776758712.6505895
sensor_1,19.2,1776758714.6515877
sensor_1,18.6,1776758716.652366
sensor_1,25.4,1776758718.6529033
sensor_1,23.0,1776758720.653483
sensor_1,18.0,1776758722.654391
sensor_1,20.5,1776758724.6551235
sensor_1,19.2,1776758726.655734
sensor_1,23.3,1776758728.6565986
sensor_1,22.9,1776758730.6573877
sensor_1,22.1,1776758732.6581366
sensor_1,22.7,1776758734.6589043
sensor_1,18.1,1776758736.6596959
sensor_1,20.8,1776758738.6601596
sensor_1,27.5,1776758740.6606033
sensor_1,21.4,1776758742.6615405
sensor_1,19.4,1776758744.6624856
sensor_1,26.6,1776758746.6635437
sensor_1,20.8,1776758748.6642845
sensor_1,18.1,1776758750.665169
sensor_1,27.6,1776758752.6655807
sensor_1,22.7,1776758754.6661465
sensor_1,20.3,1776758756.6668668
sensor_1,26.7,1776758758.6672752
sensor_1,22.6,1776758760.6679587
sensor_1,18.5,1776758762.6686084
sensor_1,25.7,1776758764.669082
sensor_1,26.9,1776758766.6697524
sensor_1,22.4,1776758768.6704218
sensor_1,18.6,1776758770.6711767
sensor_1,18.8,1776758772.6716115
sensor_1,19.5,1776758774.672251
sensor_1,20.2,1776758776.672934
sensor_1,34.0,1776758778.673467
sensor_1,20.2,1776758780.6740644
sensor_1,18.3,1776758782.6745307
sensor_1,18.1,1776758784.6753132
sensor_1,27.0,1776758786.6758635
sensor_1,20.3,1776758788.6767979
sensor_1,18.5,1776758790.6779797
sensor_1,25.1,1776758792.6788766
sensor_1,18.3,1776758794.6799026
sensor_1,25.6,1776758796.6811254
sensor_1,22.1,1776758798.6822066
sensor_1,19.7,1776758800.6826816
sensor_1,26.6,1776758802.6834939
sensor_1,18.2,1776758804.684319
sensor_1,24.0,1776758806.6854146
sensor_1,21.8,1776758808.6860902
sensor_1,26.3,1776758810.6866865
sensor_1,26.3,1776758812.6877134
sensor_1,21.9,1776758814.6884458
sensor_1,20.4,1776758816.6893668
sensor_1,34.1,1776758818.6900058
sensor_1,23.6,1776758820.6907306
sensor_1,21.9,1776758822.6918187
sensor_1,31.5,1776758824.6924624
sensor_1,19.9,1776758826.693148
sensor_1,21.7,1776758828.6941524
sensor_1,20.2,1776758830.6948955
sensor_1,28.0,1776758832.6960373
sensor_1,20.5,1776758834.6968844
sensor_1,23.9,1776758836.6979208
sensor_1,25.3,1776758838.6984565
sensor_1,23.5,1776758840.699136
sensor_1,25.5,1776758842.6996474
sensor_1,22.0,1776758844.7005482
sensor_1,23.4,1776758846.7019613
sensor_1,25.0,1776758848.703067
sensor_1,25.2,1776758850.7043788
sensor_1,21.3,1776758852.7054646
sensor_1,20.2,1776759071.8753242
sensor_1,19.9,1776759073.8760686
sensor_1,22.5,1776759075.876842
sensor_1,27.6,1776759077.8778112
sensor_1,26.9,1776759079.8787048
sensor_1,19.1,1776759081.8792114
sensor_1,18.3,1776759083.8799891
sensor_1,22.3,1776759085.8807576
sensor_1,18.8,1776759087.8814654
sensor_1,22.6,1776759089.8821638
sensor_1,33.6,1776759091.882994
sensor_1,18.0,1776759093.8838494
sensor_1,19.7,1776759095.8844256
sensor_1,31.3,1776759097.8853104
sensor_1,33.3,1776759099.886276
sensor_1,20.3,1776759101.8869452
sensor_1,20.9,1776759103.8878655
sensor_1,23.2,1776759105.8887255
sensor_1,20.4,1776759107.8893874
sensor_1,21.8,1776759109.8903327
sensor_1,25.5,1776759111.8912847
sensor_1,22.1,1776759113.8922896
sensor_1,27.6,1776759115.8936372
sensor_1,21.0,1776759117.8946068
sensor_1,25.2,1776759119.8952909
sensor_1,22.2,1776759121.8963053
sensor_1,25.2,1776759123.8970459
sensor_1,22.6,1776759125.8978775
sensor_1,21.4,1776759127.8983908
sensor_1,21.3,1776759129.8990564
sensor_1,18.6,1776759131.8995605
sensor_1,32.9,1776759133.9004297
sensor_1,23.8,1776759135.9013665
sensor_1,22.8,1776759137.9017475
sensor_1,18.5,1776759139.902745
sensor_1,20.3,1776759141.903216
sensor_1,22.2,1776759143.9037926
sensor_1,19.9,1776759145.904467
sensor_1,20.6,1776759147.9055748
sensor_1,23.8,1776759149.9061952
sensor_1,22.1,1776759151.9071727
sensor_1,26.0,1776759153.9082174
sensor_1,25.4,1776759155.9088526
sensor_1,19.3,1776759157.9095397
sensor_1,19.1,1776759159.9103844
sensor_1,23.3,1776759161.9109015
sensor_1,19.8,1776759163.9115222
sensor_1,22.7,1776759165.9123614
sensor_1,25.4,1776759167.9133327
sensor_1,22.5,1776759169.9139028
sensor_1,22.8,1776759171.9149265
sensor_1,20.3,1776759173.9156225
sensor_1,22.4,1776759175.916113
sensor_1,25.5,1776759177.9169612
sensor_1,19.7,1776759179.9177697
sensor_1,26.7,1776759181.9185166
sensor_1,22.3,1776759183.9193158
sensor_1,20.5,1776759185.919798
sensor_1,18.1,1776759187.9208162
sensor_1,27.1,1776759189.921556
sensor_1,23.5,1776759191.922306
sensor_1,18.7,1776759193.923061
sensor_1,19.2,1776759195.9237761
sensor_1,23.2,1776759197.9242113
sensor_1,26.6,1776759199.9246144
sensor_1,31.3,1776759201.925569
sensor_1,20.5,1776759203.9264896
sensor_1,19.8,1776759205.9274035
sensor_1,18.5,1776759207.9283447
sensor_1,31.2,1776759209.929493
sensor_1,21.5,1776759211.9301865
sensor_1,19.7,1776759213.9310353
sensor_1,20.9,1776759215.9320753
sensor_1,27.3,1776759217.9327354
sensor_1,22.3,1776759219.9335053
sensor_1,26.7,1776759221.9342527
sensor_1,19.3,1776759223.935048
sensor_1,20.8,1776759225.9359536
sensor_1,22.6,1776759227.93671
sensor_1,18.9,1776759229.937298
sensor_1,20.2,1776759231.938827
sensor_1,25.9,1776759233.9407756
sensor_1,23.5,1776759235.9414718
sensor_1,18.6,1776759237.942662
sensor_1,19.7,1776759239.943529
sensor_1,18.7,1776759241.9444573
sensor_1,27.1,1776759243.9452872
sensor_1,18.4,1776759245.9462001
sensor_1,23.7,1776759247.9470446
sensor_1,18.3,1776759249.9477332
sensor_1,25.5,1776759251.9484544
sensor_1,19.6,1776759253.9489214
sensor_1,18.4,1776759255.9496117
sensor_1,30.5,1776759257.9505045
sensor_1,21.4,1776759259.9510753
sensor_1,21.1,1776759261.9519062
sensor_1,25.9,1776759263.9524484
sensor_1,23.8,1776759265.9531543
sensor_1,21.5,1776759267.9538043
sensor_1,22.7,1776759269.9544344
sensor_1,21.9,1776759271.954879
sensor_1,22.4,1776759273.9556422
sensor_1,25.8,1776759275.9561877
sensor_1,20.0,1776759277.9565299
sensor_1,19.3,1776759279.9575264
sensor_1,27.9,1776759281.9582875
sensor_1,22.2,1776759283.9592946
sensor_1,18.3,1776759285.9602118
sensor_1,25.4,1776759287.9607608
sensor_1,21.3,1776759289.9613578
sensor_1,23.8,1776759291.9618812
sensor_1,19.6,1776759293.9624522
sensor_1,20.9,1776759295.9631348
sensor_1,20.9,1776759297.9638114
sensor_1,18.6,1776759299.9646645
sensor_1,23.3,1776759301.9655888
sensor_1,19.9,1776759303.966142
sensor_1,22.7,1776759305.96675
sensor_1,23.9,1776759307.9675138
sensor_1,25.3,1776759309.9684515
sensor_1,22.6,1776759311.9693267
sensor_1,20.9,1776759313.9697275
sensor_1,23.1,1776759315.9708865
sensor_1,19.4,1776759317.9713743
sensor_1,25.3,1776759319.9720895
sensor_1,21.2,1776759321.9727645
sensor_1,25.9,1776759323.973384
sensor_1,27.1,1776759325.9745636
sensor_1,23.5,1776759327.9759836
sensor_1,27.6,1776759329.9765956
sensor_1,20.9,1776759331.9776316
sensor_1,21.8,1776759333.978019
sensor_1,19.6,1776759335.9787643
sensor_1,23.9,1776759337.9791956
sensor_1,22.0,1776759339.9800634
sensor_1,30.0,1776759341.9810047
sensor_1,22.0,1776759343.9821467
sensor_1,27.1,1776759345.9827502
sensor_1,19.7,1776759347.983612
sensor_1,27.1,1776759349.9841654
sensor_1,19.5,1776759351.9848533
sensor_1,21.1,1776759353.9856348
sensor_1,19.1,1776759355.986705
sensor_1,23.0,1776759357.9875166
sensor_1,22.2,1776759359.988571
sensor_1,23.1,1776759361.9896584
sensor_1,25.7,1776759363.9905229
sensor_1,18.2,1776759365.9912987
sensor_1,23.9,1776759367.992025
sensor_1,21.2,1776759369.992682
sensor_1,18.4,1776759371.9935648
sensor_1,20.2,1776759373.9942884
sensor_1,26.7,1776759375.9947906
sensor_1,23.4,1776759377.9952505
sensor_1,20.5,1776759379.9959202
sensor_1,19.1,1776759381.996923
sensor_1,19.8,1776759383.9976115
sensor_1,18.5,1776759385.9982378
sensor_1,19.7,1776759387.999012
sensor_1,26.1,1776759389.999865
sensor_1,22.6,1776759392.0006835
sensor_1,22.0,1776759394.001081
sensor_1,21.4,1776759396.0014527
sensor_1,20.8,1776759398.0020838
sensor_1,26.2,1776759400.0031028
sensor_1,18.4,1776759402.0036595
sensor_1,23.7,1776759404.0042858
sensor_1,18.9,1776759406.0051758
sensor_1,19.6,1776759408.0061176
sensor_1,20.3,1776759410.006777
sensor_1,26.2,1776759412.0073497
sensor_1,21.9,1776759414.0078871
sensor_1,24.0,1776759416.0091212
sensor_1,25.0,1776759418.010225
sensor_1,19.3,1776759420.011019
sensor_1,21.3,1776759422.012017
sensor_1,22.4,1776759424.0124538
sensor_1,18.4,1776759426.0136266
sensor_1,27.8,1776759428.0140715
sensor_1,25.0,1776759430.014614
sensor_1,22.2,1776759432.0154927
sensor_1,30.3,1776759434.016377
sensor_1,18.1,1776759436.0167851
sensor_1,20.8,1776759438.017527
sensor_1,19.2,1776759440.0192344
sensor_1,34.3,1776759442.0199218
sensor_1,21.8,1776759444.020739
sensor_1,27.3,1776759446.0216186
sensor_1,26.7,1776759448.0221298
sensor_1,21.3,1776759450.0226152
sensor_1,19.2,1776759452.023637
sensor_1,23.4,1776759454.0244422
sensor_1,23.4,1776759456.025187
sensor_1,20.5,1776759458.0257065
sensor_1,23.2,1776759460.0265508
sensor_1,18.0,1776759462.0271604
sensor_1,20.0,1776759464.0278957
sensor_1,27.2,1776759466.028891
sensor_1,21.8,1776759468.0299387
sensor_1,23.0,1776759470.0305176
sensor_1,19.6,1776760502.7824323
sensor_1,20.6,1776760504.7831457
sensor_1,21.4,1776760506.7842433
sensor_1,20.3,1776760508.7848003
sensor_1,22.0,1776760510.7855203
sensor_1,29.8,1776760512.786367
sensor_1,19.6,1776760514.7869656
sensor_1,22.1,1776760516.7874155
sensor_1,19.1,1776760518.7881925
sensor_1,23.8,1776760520.7888417
sensor_1,19.8,1776760522.789671
sensor_1,23.9,1776760524.7903833
sensor_1,19.2,1776760526.7913275
sensor_1,25.4,1776760528.792001
sensor_1,23.9,1776760530.7927566
sensor_1,26.8,1776760532.793196
sensor_1,19.4,1776760534.7938855
sensor_1,18.4,1776760536.7944853
sensor_1,25.3,1776760538.7951927
sensor_1,20.0,1776760540.7955894
sensor_1,26.2,1776760542.7962382
sensor_1,20.7,1776760544.796898
sensor_1,18.8,1776760546.7976234
sensor_1,25.8,1776760548.7981424
sensor_1,19.3,1776760550.798692
sensor_1,27.3,1776760552.7994776
sensor_1,21.8,1776760554.80008
sensor_1,22.9,1776760556.8006575
sensor_1,20.2,1776760558.8015196
sensor_1,18.6,1776760560.8019292
sensor_1,18.0,1776760562.8025098
sensor_1,20.9,1776760564.8032336
sensor_1,22.5,1776760566.8040354
sensor_1,18.3,1776760568.8048592
sensor_1,18.2,1776760570.8054016
sensor_1,18.2,1776760572.806378
sensor_1,23.9,1776760574.8072307
sensor_1,19.7,1776760576.8082514
sensor_1,23.9,1776760578.8091762
sensor_1,22.8,1776760580.810007
sensor_1,18.5,1776760582.8111253
sensor_1,20.0,1776760584.812029
sensor_1,20.0,1776760586.8128898
sensor_1,20.4,1776760588.8136206
sensor_1,19.8,1776760590.8150132
sensor_1,18.2,1776760592.8159862
sensor_1,18.3,1776760594.8167784
sensor_1,19.6,1776760596.8172758
sensor_1,20.5,1776760598.817908
sensor_1,19.0,1776760600.818573
sensor_1,22.2,1776760602.8191087
sensor_1,22.8,1776760604.819746
sensor_1,20.0,1776760606.8206832
sensor_1,21.3,1776760608.8214595
sensor_1,30.0,1776760610.8225694
sensor_1,20.3,1776760612.8234987
sensor_1,26.1,1776760614.8241873
sensor_1,29.2,1776760616.8250635
sensor_1,23.8,1776760618.825692
sensor_1,19.7,1776760620.8262699
sensor_1,18.5,1776760622.8268688
sensor_1,31.4,1776760624.8275979
sensor_1,27.5,1776760626.8281403
sensor_1,20.5,1776760628.8291194
sensor_1,20.7,1776760630.8296394
sensor_1,18.7,1776760632.8302639
sensor_1,23.9,1776760634.8312032
sensor_1,19.2,1776760636.8316545
sensor_1,21.3,1776760638.832363
sensor_1,23.5,1776760640.8333027
sensor_1,25.4,1776760642.8336835
sensor_1,21.6,1776760644.8344026
sensor_1,19.2,1776760646.8349056
sensor_1,31.3,1776760648.8356004
sensor_1,25.9,1776760650.8375313
sensor_1,26.2,1776760652.8383126
sensor_1,25.3,1776760654.839132
sensor_1,20.5,1776760656.840098
sensor_1,22.4,1776760658.8410797
sensor_1,33.0,1776760660.8417268
sensor_1,22.9,1776760662.8427825
sensor_1,22.2,1776760664.8435197
sensor_1,18.9,1776760666.844179
sensor_1,18.4,1776760668.8451307
sensor_1,27.0,1776760670.8461528
sensor_1,18.3,1776760672.8468575
sensor_1,20.1,1776760674.8475423
sensor_1,22.0,1776760676.8481104
sensor_1,20.6,1776760678.8487031
sensor_1,22.4,1776760680.849479
sensor_1,20.2,1776760682.8502283
sensor_1,32.3,1776760684.850645
sensor_1,18.5,1776760686.851543
sensor_1,23.7,1776760688.8523157
sensor_1,25.9,1776760690.8530777
sensor_1,20.7,1776760692.853893
sensor_1,20.2,1776760694.8547394
sensor_1,21.9,1776760696.8554208
sensor_1,20.4,1776760698.855841
sensor_1,19.6,1776760700.8563986
sensor_1,20.9,1776760702.8571112
sensor_1,20.8,1776760704.857798
sensor_1,31.2,1776760706.8588717
sensor_1,20.4,1776760708.859501
sensor_1,19.6,1776760710.8601072
sensor_1,19.4,1776760712.8608155
sensor_1,19.0,1776760714.861611
sensor_1,21.5,1776760716.862287
sensor_1,22.6,1776760718.8631022
sensor_1,21.4,1776760720.8639028
sensor_1,20.2,1776760722.8648305
sensor_1,30.8,1776760724.8653631
sensor_1,22.4,1776760726.866188
sensor_1,18.3,1776760728.8670957
sensor_1,26.9,1776760730.868066
sensor_1,24.0,1776760732.868711
sensor_1,23.7,1776760734.8694367
sensor_1,27.9,1776760736.8702362
sensor_1,26.1,1776760738.871326
sensor_1,27.5,1776760740.872281
sensor_1,27.2,1776760742.8735297
sensor_1,23.4,1776760744.8742235
sensor_1,22.8,1776760746.8752348
sensor_1,19.6,1776760748.8762007
sensor_1,26.5,1776760750.8770895
sensor_1,26.9,1776760752.87826
sensor_1,20.3,1776760754.8789492
sensor_1,27.3,1776760756.8798745
sensor_1,26.3,1776760758.8808541
sensor_1,26.3,1776760760.8814933
sensor_1,18.0,1776760762.882325
sensor_1,19.4,1776760764.883006
sensor_1,19.9,1776760766.8839242
sensor_1,19.2,1776760768.8846755
sensor_1,21.6,1776760770.8855805
sensor_1,23.3,1776760772.8867025
sensor_1,23.1,1776760774.8873968
sensor_1,20.1,1776760776.8882577
sensor_1,27.1,1776760778.8889894
sensor_1,18.0,1776760780.8898058
sensor_1,25.7,1776760782.8906722
sensor_1,23.3,1776760784.8915687
sensor_1,23.0,1776760786.8921387
sensor_1,25.5,1776760788.8932316
sensor_1,26.9,1776760790.8942423
sensor_1,20.5,1776760792.8946004
sensor_1,19.9,1776760794.8953633
sensor_1,19.7,1776760796.896398
sensor_1,20.5,1776760798.8970284
sensor_1,21.0,1776760800.8978817
sensor_1,19.3,1776760802.898718
sensor_1,19.1,1776760804.8994777
sensor_1,25.7,1776760806.9005492
sensor_1,22.0,1776760808.9011593
sensor_1,19.6,1776760810.9023209
sensor_1,25.8,1776760812.903493
sensor_1,30.4,1776760814.904623
sensor_1,21.6,1776760816.9052353
sensor_1,23.6,1776760818.9057984
sensor_1,19.7,1776760820.9065952
sensor_1,19.3,1776760822.9073944
sensor_1,23.8,1776760824.9078503
sensor_1,25.3,1776760826.9083369
sensor_1,23.2,1776760828.909438
sensor_1,19.9,1776760830.910312
sensor_1,18.8,1776760832.9111218
sensor_1,22.0,1776760834.912011
sensor_1,22.2,1776760836.912903
sensor_1,25.8,1776760838.913806
sensor_1,23.6,1776760840.9145064
sensor_1,21.1,1776760842.9152806
sensor_1,18.4,1776760844.9158516
sensor_1,23.6,1776760846.916589
sensor_1,18.0,1776760848.9172573
sensor_1,19.2,1776760850.9180672
sensor_1,23.2,1776760852.9188461
sensor_1,21.2,1776760854.919538
sensor_1,25.2,1776760856.920833
sensor_1,18.1,1776760858.9217956
sensor_1,20.1,1776760860.9225247
sensor_1,22.3,1776760862.9230402
sensor_1,27.2,1776760864.9238858
sensor_1,19.5,1776760866.924881
sensor_1,23.4,1776760868.9260068
sensor_1,18.7,1776760870.926514
sensor_1,20.1,1776760872.9275231
sensor_1,21.0,1776760874.9282382
sensor_1,26.9,1776760876.9290693
sensor_1,26.7,1776760878.929617
sensor_1,21.5,1776760880.9305458
sensor_1,21.9,1776760882.9314432
sensor_1,22.7,1776760884.9322555
sensor_1,23.3,1776760886.9327161
sensor_1,20.7,1776760888.9335513
sensor_1,22.5,1776760890.9344225
sensor_1,22.3,1776760892.9350576
sensor_1,19.9,1776760894.9358454
sensor_1,19.0,1776760896.936747
sensor_1,22.6,1776760898.9372332
sensor_1,27.3,1776760900.938354
